cause_name,measure_name,metric,sex,year_id,location_id,location_name,val
Opioid use disorders,Deaths,Rate,Both,2014,3543,King County,6.58831908950399
Opioid use disorders,Deaths,Rate,Both,2014,43944,King County Census Tract 1,12.7210587125511
Opioid use disorders,Deaths,Rate,Both,2014,43945,King County Census Tract 2,6.89627323805023
Opioid use disorders,Deaths,Rate,Both,2014,43946,King County Census Tract 3,8.76927622716953
Opioid use disorders,Deaths,Rate,Both,2014,43948,King County Census Tract 4.01,11.5199527451622
Opioid use disorders,Deaths,Rate,Both,2014,43949,King County Census Tract 4.02,12.0458616707624
Opioid use disorders,Deaths,Rate,Both,2014,43950,King County Census Tract 5,4.59763296700365
Opioid use disorders,Deaths,Rate,Both,2014,43951,King County Census Tract 6,8.50461870805258
Opioid use disorders,Deaths,Rate,Both,2014,43952,King County Census Tract 7,6.33118018194275
Opioid use disorders,Deaths,Rate,Both,2014,43953,King County Census Tract 8,7.06134400102966
Opioid use disorders,Deaths,Rate,Both,2014,43954,King County Census Tract 9,3.33104717832598
Opioid use disorders,Deaths,Rate,Both,2014,43955,King County Census Tract 10,6.85475759716578
Opioid use disorders,Deaths,Rate,Both,2014,43956,King County Census Tract 11,7.45724102234153
Opioid use disorders,Deaths,Rate,Both,2014,43957,King County Census Tract 12,9.20681367345117
Opioid use disorders,Deaths,Rate,Both,2014,43958,King County Census Tract 13,13.9654356324786
Opioid use disorders,Deaths,Rate,Both,2014,43959,King County Census Tract 14,8.7613367960666
Opioid use disorders,Deaths,Rate,Both,2014,43960,King County Census Tract 15,4.4352147581066
Opioid use disorders,Deaths,Rate,Both,2014,43961,King County Census Tract 16,6.03769961103361
Opioid use disorders,Deaths,Rate,Both,2014,43963,King County Census Tract 17.01,8.01679867948315
Opioid use disorders,Deaths,Rate,Both,2014,43964,King County Census Tract 17.02,21.8153728069291
Opioid use disorders,Deaths,Rate,Both,2014,43965,King County Census Tract 18,11.2868316210329
Opioid use disorders,Deaths,Rate,Both,2014,43966,King County Census Tract 19,6.02534712595799
Opioid use disorders,Deaths,Rate,Both,2014,43967,King County Census Tract 20,6.0262375041817
Opioid use disorders,Deaths,Rate,Both,2014,43968,King County Census Tract 21,6.00502718408261
Opioid use disorders,Deaths,Rate,Both,2014,43969,King County Census Tract 22,3.39445043163787
Opioid use disorders,Deaths,Rate,Both,2014,43971,King County Census Tract 24,4.03921232188334
Opioid use disorders,Deaths,Rate,Both,2014,43972,King County Census Tract 25,4.22768967331054
Opioid use disorders,Deaths,Rate,Both,2014,43973,King County Census Tract 26,6.97036418507252
Opioid use disorders,Deaths,Rate,Both,2014,43974,King County Census Tract 27,3.3102593807407
Opioid use disorders,Deaths,Rate,Both,2014,43975,King County Census Tract 28,5.67464353425886
Opioid use disorders,Deaths,Rate,Both,2014,43976,King County Census Tract 29,4.95882771181131
Opioid use disorders,Deaths,Rate,Both,2014,43977,King County Census Tract 30,5.209072305662
Opioid use disorders,Deaths,Rate,Both,2014,43978,King County Census Tract 31,3.30533713323795
Opioid use disorders,Deaths,Rate,Both,2014,43979,King County Census Tract 32,5.72377131506304
Opioid use disorders,Deaths,Rate,Both,2014,43980,King County Census Tract 33,6.02812157044767
Opioid use disorders,Deaths,Rate,Both,2014,43981,King County Census Tract 34,4.37207797516831
Opioid use disorders,Deaths,Rate,Both,2014,43982,King County Census Tract 35,3.97882461430202
Opioid use disorders,Deaths,Rate,Both,2014,43983,King County Census Tract 36,5.64196896994198
Opioid use disorders,Deaths,Rate,Both,2014,43985,King County Census Tract 38,7.69499129659506
Opioid use disorders,Deaths,Rate,Both,2014,43986,King County Census Tract 39,3.68405638380903
Opioid use disorders,Deaths,Rate,Both,2014,43987,King County Census Tract 40,4.31357493609928
Opioid use disorders,Deaths,Rate,Both,2014,43989,King County Census Tract 41,2.42068143996993
Opioid use disorders,Deaths,Rate,Both,2014,43990,King County Census Tract 42,3.23007708621557
Opioid use disorders,Deaths,Rate,Both,2014,43992,King County Census Tract 43.01,4.20629466568452
Opioid use disorders,Deaths,Rate,Both,2014,43993,King County Census Tract 43.02,6.28017907501734
Opioid use disorders,Deaths,Rate,Both,2014,43994,King County Census Tract 44,9.34025228639371
Opioid use disorders,Deaths,Rate,Both,2014,43995,King County Census Tract 45,6.72137204138497
Opioid use disorders,Deaths,Rate,Both,2014,43996,King County Census Tract 46,4.37681670950218
Opioid use disorders,Deaths,Rate,Both,2014,43997,King County Census Tract 47,8.28792699370565
Opioid use disorders,Deaths,Rate,Both,2014,43998,King County Census Tract 48,6.02427590802134
Opioid use disorders,Deaths,Rate,Both,2014,43999,King County Census Tract 49,6.6450341047948
Opioid use disorders,Deaths,Rate,Both,2014,44000,King County Census Tract 50,7.13659018885941
Opioid use disorders,Deaths,Rate,Both,2014,44001,King County Census Tract 51,4.21587592854792
Opioid use disorders,Deaths,Rate,Both,2014,44002,King County Census Tract 52,7.91386453722682
Opioid use disorders,Deaths,Rate,Both,2014,44003,King County Census Tract 53.01,13.924238274832
Opioid use disorders,Deaths,Rate,Both,2014,44004,King County Census Tract 53.02,6.54080194905875
Opioid use disorders,Deaths,Rate,Both,2014,44005,King County Census Tract 54,4.52959592486818
Opioid use disorders,Deaths,Rate,Both,2014,44007,King County Census Tract 56,4.49682129686506
Opioid use disorders,Deaths,Rate,Both,2014,44008,King County Census Tract 57,4.10334333274331
Opioid use disorders,Deaths,Rate,Both,2014,44009,King County Census Tract 58.01,5.79496790602058
Opioid use disorders,Deaths,Rate,Both,2014,44010,King County Census Tract 58.02,5.92727134236651
Opioid use disorders,Deaths,Rate,Both,2014,44011,King County Census Tract 59,3.68879182714778
Opioid use disorders,Deaths,Rate,Both,2014,44012,King County Census Tract 60,5.15963034015041
Opioid use disorders,Deaths,Rate,Both,2014,44013,King County Census Tract 61,3.49007035856063
Opioid use disorders,Deaths,Rate,Both,2014,44014,King County Census Tract 62,3.00622224549831
Opioid use disorders,Deaths,Rate,Both,2014,44015,King County Census Tract 63,2.94636207008057
Opioid use disorders,Deaths,Rate,Both,2014,44016,King County Census Tract 64,3.79551398254231
Opioid use disorders,Deaths,Rate,Both,2014,44017,King County Census Tract 65,4.13510414277287
Opioid use disorders,Deaths,Rate,Both,2014,44018,King County Census Tract 66,5.47989115746
Opioid use disorders,Deaths,Rate,Both,2014,44019,King County Census Tract 67,7.76185000361068
Opioid use disorders,Deaths,Rate,Both,2014,44021,King County Census Tract 68,5.34260186159906
Opioid use disorders,Deaths,Rate,Both,2014,44023,King County Census Tract 69,3.17970106554234
Opioid use disorders,Deaths,Rate,Both,2014,44024,King County Census Tract 70,7.10713172056261
Opioid use disorders,Deaths,Rate,Both,2014,44025,King County Census Tract 71,8.2487722788347
Opioid use disorders,Deaths,Rate,Both,2014,44026,King County Census Tract 72,15.0095562263433
Opioid use disorders,Deaths,Rate,Both,2014,44027,King County Census Tract 73,34.2574619585969
Opioid use disorders,Deaths,Rate,Both,2014,44029,King County Census Tract 74.01,10.1811992081021
Opioid use disorders,Deaths,Rate,Both,2014,44030,King County Census Tract 74.02,26.2295033120773
Opioid use disorders,Deaths,Rate,Both,2014,44031,King County Census Tract 75,11.2257169787775
Opioid use disorders,Deaths,Rate,Both,2014,44032,King County Census Tract 76,11.4517473815776
Opioid use disorders,Deaths,Rate,Both,2014,44033,King County Census Tract 77,11.8548638889174
Opioid use disorders,Deaths,Rate,Both,2014,44034,King County Census Tract 78,3.93319384862271
Opioid use disorders,Deaths,Rate,Both,2014,44035,King County Census Tract 79,16.9742111246756
Opioid use disorders,Deaths,Rate,Both,2014,44037,King County Census Tract 80.01,13.8412440903873
Opioid use disorders,Deaths,Rate,Both,2014,44038,King County Census Tract 80.02,57.794171520329
Opioid use disorders,Deaths,Rate,Both,2014,44039,King County Census Tract 81,68.2579870788393
Opioid use disorders,Deaths,Rate,Both,2014,44040,King County Census Tract 82,20.2128616461191
Opioid use disorders,Deaths,Rate,Both,2014,44041,King County Census Tract 83,26.6465577983113
Opioid use disorders,Deaths,Rate,Both,2014,44042,King County Census Tract 84,13.0958730328995
Opioid use disorders,Deaths,Rate,Both,2014,44043,King County Census Tract 85,14.2167883284626
Opioid use disorders,Deaths,Rate,Both,2014,44044,King County Census Tract 86,20.3814605189306
Opioid use disorders,Deaths,Rate,Both,2014,44045,King County Census Tract 87,18.8740969930987
Opioid use disorders,Deaths,Rate,Both,2014,44046,King County Census Tract 88,14.0222006108242
Opioid use disorders,Deaths,Rate,Both,2014,44047,King County Census Tract 89,8.94402520273017
Opioid use disorders,Deaths,Rate,Both,2014,44048,King County Census Tract 90,14.7608709159145
Opioid use disorders,Deaths,Rate,Both,2014,44049,King County Census Tract 91,13.8620765713107
Opioid use disorders,Deaths,Rate,Both,2014,44050,King County Census Tract 92,66.3854611950184
Opioid use disorders,Deaths,Rate,Both,2014,44051,King County Census Tract 93,15.6902002340169
Opioid use disorders,Deaths,Rate,Both,2014,44053,King County Census Tract 94,8.75669934867755
Opioid use disorders,Deaths,Rate,Both,2014,44054,King County Census Tract 95,5.38034696744132
Opioid use disorders,Deaths,Rate,Both,2014,44055,King County Census Tract 96,5.58242720577284
Opioid use disorders,Deaths,Rate,Both,2014,44057,King County Census Tract 97.01,4.61488837735536
Opioid use disorders,Deaths,Rate,Both,2014,44058,King County Census Tract 97.02,6.5008814220688
Opioid use disorders,Deaths,Rate,Both,2014,44059,King County Census Tract 98,4.49783898966399
Opioid use disorders,Deaths,Rate,Both,2014,44060,King County Census Tract 99,8.148305799641
Opioid use disorders,Deaths,Rate,Both,2014,44062,King County Census Tract 100.01,7.01623673646575
Opioid use disorders,Deaths,Rate,Both,2014,44063,King County Census Tract 100.02,6.89156881987263
Opioid use disorders,Deaths,Rate,Both,2014,44064,King County Census Tract 101,10.208475576336
Opioid use disorders,Deaths,Rate,Both,2014,44065,King County Census Tract 102,5.60779018781275
Opioid use disorders,Deaths,Rate,Both,2014,44066,King County Census Tract 103,10.5472679931821
Opioid use disorders,Deaths,Rate,Both,2014,44068,King County Census Tract 104.01,5.31253189172605
Opioid use disorders,Deaths,Rate,Both,2014,44069,King County Census Tract 104.02,5.91638509426651
Opioid use disorders,Deaths,Rate,Both,2014,44070,King County Census Tract 105,7.11520434157969
Opioid use disorders,Deaths,Rate,Both,2014,44071,King County Census Tract 106,4.16054377897442
Opioid use disorders,Deaths,Rate,Both,2014,44073,King County Census Tract 107.01,9.78563808903793
Opioid use disorders,Deaths,Rate,Both,2014,44074,King County Census Tract 107.02,9.85155446745685
Opioid use disorders,Deaths,Rate,Both,2014,44075,King County Census Tract 108,8.37960778922848
Opioid use disorders,Deaths,Rate,Both,2014,44076,King County Census Tract 109,20.2908115697478
Opioid use disorders,Deaths,Rate,Both,2014,44078,King County Census Tract 110.01,9.94110868061063
Opioid use disorders,Deaths,Rate,Both,2014,44079,King County Census Tract 110.02,6.79061104169436
Opioid use disorders,Deaths,Rate,Both,2014,44081,King County Census Tract 111.01,6.84429547272983
Opioid use disorders,Deaths,Rate,Both,2014,44082,King County Census Tract 111.02,7.50312644851541
Opioid use disorders,Deaths,Rate,Both,2014,44083,King County Census Tract 112,20.065593880033
Opioid use disorders,Deaths,Rate,Both,2014,44084,King County Census Tract 113,9.85323662048691
Opioid use disorders,Deaths,Rate,Both,2014,44086,King County Census Tract 114.01,8.67162429074665
Opioid use disorders,Deaths,Rate,Both,2014,44087,King County Census Tract 114.02,9.02536173503398
Opioid use disorders,Deaths,Rate,Both,2014,44088,King County Census Tract 115,7.22049925774605
Opioid use disorders,Deaths,Rate,Both,2014,44089,King County Census Tract 116,5.01765867057782
Opioid use disorders,Deaths,Rate,Both,2014,44090,King County Census Tract 117,7.73639474926856
Opioid use disorders,Deaths,Rate,Both,2014,44091,King County Census Tract 118,7.40494595633434
Opioid use disorders,Deaths,Rate,Both,2014,44092,King County Census Tract 119,5.61581506873619
Opioid use disorders,Deaths,Rate,Both,2014,44093,King County Census Tract 120,7.25944119334098
Opioid use disorders,Deaths,Rate,Both,2014,44094,King County Census Tract 121,3.94937098480254
Opioid use disorders,Deaths,Rate,Both,2014,44095,King County Census Tract 201,5.65060161356174
Opioid use disorders,Deaths,Rate,Both,2014,44096,King County Census Tract 202,6.88590071861314
Opioid use disorders,Deaths,Rate,Both,2014,44097,King County Census Tract 203,10.4010123428601
Opioid use disorders,Deaths,Rate,Both,2014,44099,King County Census Tract 204.01,10.0754376893863
Opioid use disorders,Deaths,Rate,Both,2014,44100,King County Census Tract 204.02,7.57283417761601
Opioid use disorders,Deaths,Rate,Both,2014,44101,King County Census Tract 205,10.4578471970413
Opioid use disorders,Deaths,Rate,Both,2014,44102,King County Census Tract 206,7.98235276062969
Opioid use disorders,Deaths,Rate,Both,2014,44103,King County Census Tract 207,10.741660643086
Opioid use disorders,Deaths,Rate,Both,2014,44104,King County Census Tract 208,5.28036810665908
Opioid use disorders,Deaths,Rate,Both,2014,44105,King County Census Tract 209,8.36211878532089
Opioid use disorders,Deaths,Rate,Both,2014,44106,King County Census Tract 210,10.434231442022
Opioid use disorders,Deaths,Rate,Both,2014,44107,King County Census Tract 211,16.5147224395025
Opioid use disorders,Deaths,Rate,Both,2014,44109,King County Census Tract 213,10.4242020122962
Opioid use disorders,Deaths,Rate,Both,2014,44110,King County Census Tract 214,5.06413129677079
Opioid use disorders,Deaths,Rate,Both,2014,44111,King County Census Tract 215,4.09440234065927
Opioid use disorders,Deaths,Rate,Both,2014,44112,King County Census Tract 216,5.89825445281803
Opioid use disorders,Deaths,Rate,Both,2014,44113,King County Census Tract 217,6.80834382197042
Opioid use disorders,Deaths,Rate,Both,2014,44115,King County Census Tract 218.02,4.74888045298509
Opioid use disorders,Deaths,Rate,Both,2014,44116,King County Census Tract 218.03,4.94741245804989
Opioid use disorders,Deaths,Rate,Both,2014,44117,King County Census Tract 218.04,4.99010633457859
Opioid use disorders,Deaths,Rate,Both,2014,44119,King County Census Tract 219.03,4.16851974172445
Opioid use disorders,Deaths,Rate,Both,2014,44120,King County Census Tract 219.04,3.34906667305072
Opioid use disorders,Deaths,Rate,Both,2014,44121,King County Census Tract 219.05,2.83897621627718
Opioid use disorders,Deaths,Rate,Both,2014,44122,King County Census Tract 219.06,2.78451800284515
Opioid use disorders,Deaths,Rate,Both,2014,44123,King County Census Tract 220.01,5.0899845960295
Opioid use disorders,Deaths,Rate,Both,2014,44124,King County Census Tract 220.03,3.14006732841082
Opioid use disorders,Deaths,Rate,Both,2014,44126,King County Census Tract 220.05,2.96662985589489
Opioid use disorders,Deaths,Rate,Both,2014,44127,King County Census Tract 220.06,4.60841536596043
Opioid use disorders,Deaths,Rate,Both,2014,44129,King County Census Tract 221.01,5.19441989284861
Opioid use disorders,Deaths,Rate,Both,2014,44130,King County Census Tract 221.02,4.24252149172235
Opioid use disorders,Deaths,Rate,Both,2014,44131,King County Census Tract 222.01,4.50508864290563
Opioid use disorders,Deaths,Rate,Both,2014,44132,King County Census Tract 222.02,4.27876133916792
Opioid use disorders,Deaths,Rate,Both,2014,44133,King County Census Tract 222.03,3.57822687731773
Opioid use disorders,Deaths,Rate,Both,2014,44135,King County Census Tract 223,3.55943844972373
Opioid use disorders,Deaths,Rate,Both,2014,44137,King County Census Tract 224,3.40079373056481
Opioid use disorders,Deaths,Rate,Both,2014,44138,King County Census Tract 225,2.25793603498615
Opioid use disorders,Deaths,Rate,Both,2014,44141,King County Census Tract 226.03,3.04973973270288
Opioid use disorders,Deaths,Rate,Both,2014,44142,King County Census Tract 226.04,2.81069140253874
Opioid use disorders,Deaths,Rate,Both,2014,44143,King County Census Tract 226.05,3.2591410732187
Opioid use disorders,Deaths,Rate,Both,2014,44144,King County Census Tract 226.06,2.99621870992589
Opioid use disorders,Deaths,Rate,Both,2014,44146,King County Census Tract 227.01,2.28439970358424
Opioid use disorders,Deaths,Rate,Both,2014,44147,King County Census Tract 227.02,1.96003011813442
Opioid use disorders,Deaths,Rate,Both,2014,44148,King County Census Tract 227.03,3.16745795276103
Opioid use disorders,Deaths,Rate,Both,2014,44149,King County Census Tract 228.01,2.96811655304611
Opioid use disorders,Deaths,Rate,Both,2014,44150,King County Census Tract 228.02,2.16237341989146
Opioid use disorders,Deaths,Rate,Both,2014,44151,King County Census Tract 228.03,2.75352422862956
Opioid use disorders,Deaths,Rate,Both,2014,44153,King County Census Tract 229.01,3.00811339435419
Opioid use disorders,Deaths,Rate,Both,2014,44154,King County Census Tract 229.02,2.37857483467627
Opioid use disorders,Deaths,Rate,Both,2014,44155,King County Census Tract 230,3.41235512708574
Opioid use disorders,Deaths,Rate,Both,2014,44156,King County Census Tract 231,3.66209767429204
Opioid use disorders,Deaths,Rate,Both,2014,44158,King County Census Tract 232.01,3.83803203933693
Opioid use disorders,Deaths,Rate,Both,2014,44159,King County Census Tract 232.02,5.27160158258577
Opioid use disorders,Deaths,Rate,Both,2014,44160,King County Census Tract 233,3.63202636740731
Opioid use disorders,Deaths,Rate,Both,2014,44161,King County Census Tract 234.01,3.96542445556337
Opioid use disorders,Deaths,Rate,Both,2014,44163,King County Census Tract 234.03,2.87070345464171
Opioid use disorders,Deaths,Rate,Both,2014,44164,King County Census Tract 234.04,2.66692950661948
Opioid use disorders,Deaths,Rate,Both,2014,44165,King County Census Tract 235,2.43219673285119
Opioid use disorders,Deaths,Rate,Both,2014,44166,King County Census Tract 236.01,4.00436689441712
Opioid use disorders,Deaths,Rate,Both,2014,44168,King County Census Tract 236.03,3.43356073020224
Opioid use disorders,Deaths,Rate,Both,2014,44169,King County Census Tract 236.04,2.80814299777317
Opioid use disorders,Deaths,Rate,Both,2014,44170,King County Census Tract 237,2.30694966560948
Opioid use disorders,Deaths,Rate,Both,2014,44171,King County Census Tract 238.01,3.19846572848894
Opioid use disorders,Deaths,Rate,Both,2014,44173,King County Census Tract 238.03,2.96739549847133
Opioid use disorders,Deaths,Rate,Both,2014,44174,King County Census Tract 238.04,3.80765335171535
Opioid use disorders,Deaths,Rate,Both,2014,44175,King County Census Tract 239,2.16384942564206
Opioid use disorders,Deaths,Rate,Both,2014,44176,King County Census Tract 240,2.01892257613526
Opioid use disorders,Deaths,Rate,Both,2014,44177,King County Census Tract 241,1.52744954837124
Opioid use disorders,Deaths,Rate,Both,2014,44178,King County Census Tract 242,2.27479710203261
Opioid use disorders,Deaths,Rate,Both,2014,44179,King County Census Tract 243,2.20498689298839
Opioid use disorders,Deaths,Rate,Both,2014,44180,King County Census Tract 244,2.34881716848558
Opioid use disorders,Deaths,Rate,Both,2014,44181,King County Census Tract 245,1.9874648449019
Opioid use disorders,Deaths,Rate,Both,2014,44183,King County Census Tract 246.01,1.64949330754328
Opioid use disorders,Deaths,Rate,Both,2014,44184,King County Census Tract 246.02,1.92634714470593
Opioid use disorders,Deaths,Rate,Both,2014,44185,King County Census Tract 247.01,2.6765479262522
Opioid use disorders,Deaths,Rate,Both,2014,44186,King County Census Tract 247.02,3.27454882844478
Opioid use disorders,Deaths,Rate,Both,2014,44188,King County Census Tract 248,3.31293883784704
Opioid use disorders,Deaths,Rate,Both,2014,44189,King County Census Tract 249.01,2.59201316088691
Opioid use disorders,Deaths,Rate,Both,2014,44190,King County Census Tract 249.02,2.31563854058619
Opioid use disorders,Deaths,Rate,Both,2014,44191,King County Census Tract 249.03,1.5227651719366
Opioid use disorders,Deaths,Rate,Both,2014,44192,King County Census Tract 250.01,2.68694523745321
Opioid use disorders,Deaths,Rate,Both,2014,44194,King County Census Tract 250.03,2.33785801217367
Opioid use disorders,Deaths,Rate,Both,2014,44196,King County Census Tract 250.05,2.53714961308413
Opioid use disorders,Deaths,Rate,Both,2014,44197,King County Census Tract 250.06,2.50422103380092
Opioid use disorders,Deaths,Rate,Both,2014,44200,King County Census Tract 251.01,5.37688245286429
Opioid use disorders,Deaths,Rate,Both,2014,44201,King County Census Tract 251.02,3.36485361470449
Opioid use disorders,Deaths,Rate,Both,2014,44202,King County Census Tract 252,4.21915159900521
Opioid use disorders,Deaths,Rate,Both,2014,44204,King County Census Tract 253.01,4.71890110079082
Opioid use disorders,Deaths,Rate,Both,2014,44205,King County Census Tract 253.02,8.75441836416022
Opioid use disorders,Deaths,Rate,Both,2014,44206,King County Census Tract 254,8.19892414392351
Opioid use disorders,Deaths,Rate,Both,2014,44207,King County Census Tract 255,6.50084167046592
Opioid use disorders,Deaths,Rate,Both,2014,44209,King County Census Tract 256.01,5.94360394309394
Opioid use disorders,Deaths,Rate,Both,2014,44210,King County Census Tract 256.02,3.01976525016991
Opioid use disorders,Deaths,Rate,Both,2014,44212,King County Census Tract 257.01,5.88406196840344
Opioid use disorders,Deaths,Rate,Both,2014,44213,King County Census Tract 257.02,4.28981630799784
Opioid use disorders,Deaths,Rate,Both,2014,44216,King County Census Tract 258.03,6.3910848162606
Opioid use disorders,Deaths,Rate,Both,2014,44217,King County Census Tract 258.04,6.29830747337835
Opioid use disorders,Deaths,Rate,Both,2014,44218,King County Census Tract 258.05,5.38555656695138
Opioid use disorders,Deaths,Rate,Both,2014,44219,King County Census Tract 258.06,6.08277072338408
Opioid use disorders,Deaths,Rate,Both,2014,44221,King County Census Tract 260.01,7.60264599278101
Opioid use disorders,Deaths,Rate,Both,2014,44222,King County Census Tract 260.02,8.84061146527514
Opioid use disorders,Deaths,Rate,Both,2014,44223,King County Census Tract 261,9.24156039640219
Opioid use disorders,Deaths,Rate,Both,2014,44224,King County Census Tract 262,7.05495151463457
Opioid use disorders,Deaths,Rate,Both,2014,44225,King County Census Tract 263,17.3923577646878
Opioid use disorders,Deaths,Rate,Both,2014,44226,King County Census Tract 264,12.750523993496
Opioid use disorders,Deaths,Rate,Both,2014,44227,King County Census Tract 265,11.8924165699958
Opioid use disorders,Deaths,Rate,Both,2014,44228,King County Census Tract 266,11.4223557640638
Opioid use disorders,Deaths,Rate,Both,2014,44229,King County Census Tract 267,5.9540117726042
Opioid use disorders,Deaths,Rate,Both,2014,44231,King County Census Tract 268.01,13.1716463911556
Opioid use disorders,Deaths,Rate,Both,2014,44232,King County Census Tract 268.02,9.61409089299123
Opioid use disorders,Deaths,Rate,Both,2014,44234,King County Census Tract 270,11.2403328730279
Opioid use disorders,Deaths,Rate,Both,2014,44235,King County Census Tract 271,12.2658685536547
Opioid use disorders,Deaths,Rate,Both,2014,44236,King County Census Tract 272,12.0207499573836
Opioid use disorders,Deaths,Rate,Both,2014,44237,King County Census Tract 273,6.63107816964788
Opioid use disorders,Deaths,Rate,Both,2014,44238,King County Census Tract 274,9.84583133148463
Opioid use disorders,Deaths,Rate,Both,2014,44239,King County Census Tract 275,9.01691464755489
Opioid use disorders,Deaths,Rate,Both,2014,44240,King County Census Tract 276,6.53800596526536
Opioid use disorders,Deaths,Rate,Both,2014,44241,King County Census Tract 277.01,2.21177409617008
Opioid use disorders,Deaths,Rate,Both,2014,44242,King County Census Tract 277.02,2.3586783581055
Opioid use disorders,Deaths,Rate,Both,2014,44243,King County Census Tract 278,3.19605609742956
Opioid use disorders,Deaths,Rate,Both,2014,44244,King County Census Tract 279,7.66300978956123
Opioid use disorders,Deaths,Rate,Both,2014,44245,King County Census Tract 280,11.5655500795448
Opioid use disorders,Deaths,Rate,Both,2014,44246,King County Census Tract 281,9.72470843150596
Opioid use disorders,Deaths,Rate,Both,2014,44247,King County Census Tract 282,7.85371271242063
Opioid use disorders,Deaths,Rate,Both,2014,44248,King County Census Tract 283,7.48052943059573
Opioid use disorders,Deaths,Rate,Both,2014,44250,King County Census Tract 284.02,6.91081240931341
Opioid use disorders,Deaths,Rate,Both,2014,44251,King County Census Tract 284.03,10.7205602506429
Opioid use disorders,Deaths,Rate,Both,2014,44252,King County Census Tract 285,8.14965402240842
Opioid use disorders,Deaths,Rate,Both,2014,44253,King County Census Tract 286,5.44867670691699
Opioid use disorders,Deaths,Rate,Both,2014,44254,King County Census Tract 287,7.66152108210337
Opioid use disorders,Deaths,Rate,Both,2014,44255,King County Census Tract 288.01,7.20231364315477
Opioid use disorders,Deaths,Rate,Both,2014,44256,King County Census Tract 288.02,7.53582489673934
Opioid use disorders,Deaths,Rate,Both,2014,44258,King County Census Tract 289.01,10.0331510393193
Opioid use disorders,Deaths,Rate,Both,2014,44259,King County Census Tract 289.02,15.7288244628708
Opioid use disorders,Deaths,Rate,Both,2014,44260,King County Census Tract 290.01,9.49684800902899
Opioid use disorders,Deaths,Rate,Both,2014,44262,King County Census Tract 290.03,8.32748852457945
Opioid use disorders,Deaths,Rate,Both,2014,44263,King County Census Tract 290.04,10.9759030253531
Opioid use disorders,Deaths,Rate,Both,2014,44265,King County Census Tract 291.01,6.1414585004977
Opioid use disorders,Deaths,Rate,Both,2014,44266,King County Census Tract 291.02,6.3986326840164
Opioid use disorders,Deaths,Rate,Both,2014,44269,King County Census Tract 292.03,12.901990380915
Opioid use disorders,Deaths,Rate,Both,2014,44270,King County Census Tract 292.04,7.37193094980096
Opioid use disorders,Deaths,Rate,Both,2014,44271,King County Census Tract 292.05,6.4493132698694
Opioid use disorders,Deaths,Rate,Both,2014,44272,King County Census Tract 292.06,9.28106157822311
Opioid use disorders,Deaths,Rate,Both,2014,44275,King County Census Tract 293.03,5.33142070495092
Opioid use disorders,Deaths,Rate,Both,2014,44276,King County Census Tract 293.04,3.85806206608791
Opioid use disorders,Deaths,Rate,Both,2014,44277,King County Census Tract 293.05,4.37687062714782
Opioid use disorders,Deaths,Rate,Both,2014,44278,King County Census Tract 293.06,4.9253935635894
Opioid use disorders,Deaths,Rate,Both,2014,44279,King County Census Tract 293.07,4.02832749441618
Opioid use disorders,Deaths,Rate,Both,2014,44281,King County Census Tract 294.03,5.38041149024847
Opioid use disorders,Deaths,Rate,Both,2014,44283,King County Census Tract 294.05,3.78196558285946
Opioid use disorders,Deaths,Rate,Both,2014,44284,King County Census Tract 294.06,3.32107413581077
Opioid use disorders,Deaths,Rate,Both,2014,44285,King County Census Tract 294.07,10.0235187164883
Opioid use disorders,Deaths,Rate,Both,2014,44286,King County Census Tract 294.08,5.52693539714705
Opioid use disorders,Deaths,Rate,Both,2014,44288,King County Census Tract 295.02,5.06520431605666
Opioid use disorders,Deaths,Rate,Both,2014,44289,King County Census Tract 295.03,8.44819146846988
Opioid use disorders,Deaths,Rate,Both,2014,44290,King County Census Tract 295.04,7.49580764479517
Opioid use disorders,Deaths,Rate,Both,2014,44292,King County Census Tract 296.01,6.17267281376711
Opioid use disorders,Deaths,Rate,Both,2014,44293,King County Census Tract 296.02,5.25937689398187
Opioid use disorders,Deaths,Rate,Both,2014,44294,King County Census Tract 297,8.27410841191466
Opioid use disorders,Deaths,Rate,Both,2014,44295,King County Census Tract 298.01,5.18557514547774
Opioid use disorders,Deaths,Rate,Both,2014,44296,King County Census Tract 298.02,5.75448966925211
Opioid use disorders,Deaths,Rate,Both,2014,44298,King County Census Tract 299.01,5.96271879126715
Opioid use disorders,Deaths,Rate,Both,2014,44299,King County Census Tract 299.02,8.08964661761419
Opioid use disorders,Deaths,Rate,Both,2014,44302,King County Census Tract 300.03,8.29066810382541
Opioid use disorders,Deaths,Rate,Both,2014,44303,King County Census Tract 300.04,6.45634337541204
Opioid use disorders,Deaths,Rate,Both,2014,44304,King County Census Tract 300.05,7.67330363606731
Opioid use disorders,Deaths,Rate,Both,2014,44305,King County Census Tract 300.06,9.17033872054571
Opioid use disorders,Deaths,Rate,Both,2014,44306,King County Census Tract 301,3.98983764140417
Opioid use disorders,Deaths,Rate,Both,2014,44307,King County Census Tract 302.01,6.63353944347141
Opioid use disorders,Deaths,Rate,Both,2014,44308,King County Census Tract 302.02,10.7715904486058
Opioid use disorders,Deaths,Rate,Both,2014,44311,King County Census Tract 303.04,8.39371312296391
Opioid use disorders,Deaths,Rate,Both,2014,44312,King County Census Tract 303.05,4.71424016635189
Opioid use disorders,Deaths,Rate,Both,2014,44313,King County Census Tract 303.06,4.16192956440017
Opioid use disorders,Deaths,Rate,Both,2014,44315,King County Census Tract 303.08,4.86123486961184
Opioid use disorders,Deaths,Rate,Both,2014,44316,King County Census Tract 303.09,7.48726064954813
Opioid use disorders,Deaths,Rate,Both,2014,44317,King County Census Tract 303.1,4.65134181306223
Opioid use disorders,Deaths,Rate,Both,2014,44318,King County Census Tract 303.11,7.62592054459858
Opioid use disorders,Deaths,Rate,Both,2014,44319,King County Census Tract 303.12,5.18022096237152
Opioid use disorders,Deaths,Rate,Both,2014,44320,King County Census Tract 303.13,11.9198005698529
Opioid use disorders,Deaths,Rate,Both,2014,44321,King County Census Tract 303.14,7.52799684535094
Opioid use disorders,Deaths,Rate,Both,2014,44322,King County Census Tract 304.01,5.91818565603088
Opioid use disorders,Deaths,Rate,Both,2014,44324,King County Census Tract 304.03,5.39774262359261
Opioid use disorders,Deaths,Rate,Both,2014,44325,King County Census Tract 304.04,7.04110887858767
Opioid use disorders,Deaths,Rate,Both,2014,44326,King County Census Tract 305.01,20.2203571031223
Opioid use disorders,Deaths,Rate,Both,2014,44328,King County Census Tract 305.03,13.6781743568562
Opioid use disorders,Deaths,Rate,Both,2014,44329,King County Census Tract 305.04,11.0008986694458
Opioid use disorders,Deaths,Rate,Both,2014,44330,King County Census Tract 306,13.4396050372613
Opioid use disorders,Deaths,Rate,Both,2014,44331,King County Census Tract 307,15.0631277796669
Opioid use disorders,Deaths,Rate,Both,2014,44333,King County Census Tract 308.01,14.6256923607005
Opioid use disorders,Deaths,Rate,Both,2014,44334,King County Census Tract 308.02,13.303857779511
Opioid use disorders,Deaths,Rate,Both,2014,44336,King County Census Tract 309.01,11.1700139914773
Opioid use disorders,Deaths,Rate,Both,2014,44337,King County Census Tract 309.02,9.90661900966158
Opioid use disorders,Deaths,Rate,Both,2014,44338,King County Census Tract 310,4.650663570051
Opioid use disorders,Deaths,Rate,Both,2014,44339,King County Census Tract 311,10.3728169362371
Opioid use disorders,Deaths,Rate,Both,2014,44340,King County Census Tract 312.02,9.01146415917944
Opioid use disorders,Deaths,Rate,Both,2014,44342,King County Census Tract 312.04,5.40562979876237
Opioid use disorders,Deaths,Rate,Both,2014,44343,King County Census Tract 312.05,7.42327349044133
Opioid use disorders,Deaths,Rate,Both,2014,44344,King County Census Tract 312.06,5.7295582467016
Opioid use disorders,Deaths,Rate,Both,2014,44346,King County Census Tract 313.01,6.94671657621151
Opioid use disorders,Deaths,Rate,Both,2014,44347,King County Census Tract 313.02,10.2983233665676
Opioid use disorders,Deaths,Rate,Both,2014,44348,King County Census Tract 314,9.49921273866753
Opioid use disorders,Deaths,Rate,Both,2014,44350,King County Census Tract 315.01,7.79541073235101
Opioid use disorders,Deaths,Rate,Both,2014,44351,King County Census Tract 315.02,6.47128632549841
Opioid use disorders,Deaths,Rate,Both,2014,44353,King County Census Tract 316.01,3.84868388882066
Opioid use disorders,Deaths,Rate,Both,2014,44355,King County Census Tract 316.03,3.72764506530342
Opioid use disorders,Deaths,Rate,Both,2014,44356,King County Census Tract 316.04,3.93240520176537
Opioid use disorders,Deaths,Rate,Both,2014,44357,King County Census Tract 316.05,5.08080884879997
Opioid use disorders,Deaths,Rate,Both,2014,44360,King County Census Tract 317.03,4.53998379647103
Opioid use disorders,Deaths,Rate,Both,2014,44361,King County Census Tract 317.04,5.52583865828915
Opioid use disorders,Deaths,Rate,Both,2014,44362,King County Census Tract 317.05,3.24338324974188
Opioid use disorders,Deaths,Rate,Both,2014,44363,King County Census Tract 317.06,3.75887794476906
Opioid use disorders,Deaths,Rate,Both,2014,44364,King County Census Tract 318,3.24129525883668
Opioid use disorders,Deaths,Rate,Both,2014,44365,King County Census Tract 319.03,4.76515756475108
Opioid use disorders,Deaths,Rate,Both,2014,44366,King County Census Tract 319.04,5.19854783301099
Opioid use disorders,Deaths,Rate,Both,2014,44368,King County Census Tract 319.06,4.31372647689203
Opioid use disorders,Deaths,Rate,Both,2014,44369,King County Census Tract 319.07,2.88869385280069
Opioid use disorders,Deaths,Rate,Both,2014,44370,King County Census Tract 319.08,4.34181518013454
Opioid use disorders,Deaths,Rate,Both,2014,44371,King County Census Tract 319.09,3.24527463305821
Opioid use disorders,Deaths,Rate,Both,2014,44372,King County Census Tract 320.02,5.78502582393802
Opioid use disorders,Deaths,Rate,Both,2014,44373,King County Census Tract 320.03,4.36553702782871
Opioid use disorders,Deaths,Rate,Both,2014,44375,King County Census Tract 320.05,3.7059927895664
Opioid use disorders,Deaths,Rate,Both,2014,44376,King County Census Tract 320.06,3.43660289270079
Opioid use disorders,Deaths,Rate,Both,2014,44377,King County Census Tract 320.07,3.9245296792517
Opioid use disorders,Deaths,Rate,Both,2014,44378,King County Census Tract 320.08,4.68816760237749
Opioid use disorders,Deaths,Rate,Both,2014,44380,King County Census Tract 320.1,2.68526702125633
Opioid use disorders,Deaths,Rate,Both,2014,44381,King County Census Tract 320.11,3.26331760073224
Opioid use disorders,Deaths,Rate,Both,2014,44383,King County Census Tract 321.02,4.17096580022134
Opioid use disorders,Deaths,Rate,Both,2014,44384,King County Census Tract 321.03,4.63711737672421
Opioid use disorders,Deaths,Rate,Both,2014,44385,King County Census Tract 321.04,4.14331796748223
Opioid use disorders,Deaths,Rate,Both,2014,44386,King County Census Tract 322.03,1.70966350345742
Opioid use disorders,Deaths,Rate,Both,2014,44390,King County Census Tract 322.07,2.57179656566018
Opioid use disorders,Deaths,Rate,Both,2014,44391,King County Census Tract 322.08,2.33843430235841
Opioid use disorders,Deaths,Rate,Both,2014,44393,King County Census Tract 322.1,2.43791083287712
Opioid use disorders,Deaths,Rate,Both,2014,44394,King County Census Tract 322.11,2.36813111447271
Opioid use disorders,Deaths,Rate,Both,2014,44395,King County Census Tract 322.12,2.03174503360003
Opioid use disorders,Deaths,Rate,Both,2014,44396,King County Census Tract 322.13,1.67768481801004
Opioid use disorders,Deaths,Rate,Both,2014,44397,King County Census Tract 322.14,1.67456917411876
Opioid use disorders,Deaths,Rate,Both,2014,44398,King County Census Tract 322.15,1.82457889426413
Opioid use disorders,Deaths,Rate,Both,2014,44403,King County Census Tract 323.07,2.14943596683487
Opioid use disorders,Deaths,Rate,Both,2014,44405,King County Census Tract 323.09,2.56293624327742
Opioid use disorders,Deaths,Rate,Both,2014,44407,King County Census Tract 323.11,2.71952093930062
Opioid use disorders,Deaths,Rate,Both,2014,44409,King County Census Tract 323.13,3.70231371064375
Opioid use disorders,Deaths,Rate,Both,2014,44411,King County Census Tract 323.15,2.84560574661953
Opioid use disorders,Deaths,Rate,Both,2014,44412,King County Census Tract 323.16,1.46338377308679
Opioid use disorders,Deaths,Rate,Both,2014,44413,King County Census Tract 323.17,1.95828255482006
Opioid use disorders,Deaths,Rate,Both,2014,44414,King County Census Tract 323.18,1.68527261306254
Opioid use disorders,Deaths,Rate,Both,2014,44415,King County Census Tract 323.19,3.59110734214888
Opioid use disorders,Deaths,Rate,Both,2014,44416,King County Census Tract 323.2,3.06056440624862
Opioid use disorders,Deaths,Rate,Both,2014,44417,King County Census Tract 323.21,2.01669053512212
Opioid use disorders,Deaths,Rate,Both,2014,44418,King County Census Tract 323.22,1.66928667507632
Opioid use disorders,Deaths,Rate,Both,2014,44419,King County Census Tract 323.23,2.71030627950897
Opioid use disorders,Deaths,Rate,Both,2014,44420,King County Census Tract 323.24,3.84595717933228
Opioid use disorders,Deaths,Rate,Both,2014,44421,King County Census Tract 323.25,3.12325475402916
Opioid use disorders,Deaths,Rate,Both,2014,44422,King County Census Tract 323.26,1.92794028727109
Opioid use disorders,Deaths,Rate,Both,2014,44423,King County Census Tract 323.27,2.35147109897639
Opioid use disorders,Deaths,Rate,Both,2014,44424,King County Census Tract 323.28,2.65180607717832
Opioid use disorders,Deaths,Rate,Both,2014,44425,King County Census Tract 323.29,2.03203361588486
Opioid use disorders,Deaths,Rate,Both,2014,44427,King County Census Tract 324.01,2.96195923183197
Opioid use disorders,Deaths,Rate,Both,2014,44428,King County Census Tract 324.02,5.28960592751955
Opioid use disorders,Deaths,Rate,Both,2014,44429,King County Census Tract 325,4.23827701721576
Opioid use disorders,Deaths,Rate,Both,2014,44431,King County Census Tract 326.01,3.51856418712042
Opioid use disorders,Deaths,Rate,Both,2014,44432,King County Census Tract 326.02,3.03655177861293
Opioid use disorders,Deaths,Rate,Both,2014,44434,King County Census Tract 327.02,5.18971182187134
Opioid use disorders,Deaths,Rate,Both,2014,44435,King County Census Tract 327.03,7.48800475313508
Opioid use disorders,Deaths,Rate,Both,2014,44436,King County Census Tract 327.04,7.31240523559249
Opioid use disorders,Deaths,Rate,Both,2014,44437,King County Census Tract 328,4.43380281053345
